neighbourhood_cleansed,listing_id,price,adjusted_price,minimum_nights,maximum_nights,latitude,longitude,accommodates,bathrooms,bedrooms,beds,security_deposit,cleaning_fee,extra_people,guests_included,new_price
"AVer-o-Mar, Amorim e Terroso",25450699.193520885,82.26329250235564,82.24552429667519,6.652218782249742,856.5104769596626,41.39965072174653,-8.7675054485741,4.873423969129986,1.4393143985282901,1.9703414546596671,2.709247543410957,97.90685152779648,12.971418315609997,5.001929375869341,2.1851303450441963,4.196978829209363
Agrela,31919817.0,44.22857142857143,44.22857142857143,1.5371428571428571,1121.7857142857142,41.260630000000255,-8.47330000000007,6.0,2.0,3.0,4.0,0.0,20.0,0.0,1.0,3.7651387947982755
Aguiar de Sousa,32032469.46778626,64.69160305343512,64.69160305343512,2.5993893129770993,789.5926717557252,41.11582575877885,-8.438165276335743,5.894961832061068,1.7349618320610687,2.9065648854961834,3.604274809160305,1068.9160305343512,9.966412213740458,11.44854961832061,1.9025954198473283,3.953145547205693
Aguçadoura e Navais,22715469.26698899,74.95514370131615,74.95514370131615,1.8417942519473542,672.6228847703464,41.43159991404727,-8.77247332527507,5.350792371743218,1.714477571850658,2.156594144507118,2.5976363147998924,26.28256782164921,11.286596830513027,11.399677679290894,1.377921031426269,4.060758727112867
"Aldoar, Foz do Douro e Nevogilde",23273226.95788169,95.6759369148403,94.7889864704486,2.687396154759079,788.3772318485112,41.15629572748556,-8.67201734780817,4.097146398712979,1.3290608434211568,1.5782498615396787,2.4549410554632485,105.40497665954585,18.955758630693357,10.057718173906164,1.8870427512725163,4.31157913257787
Alfena,15293646.522848664,107.94777448071217,107.57032640949555,1.541246290801187,566.7572700296736,41.237147264094574,-8.524847703264177,6.162611275964392,2.2480712166172108,2.8729970326409497,3.4979228486646883,104.15430267062314,12.516320474777448,8.534124629080118,2.8694362017804154,4.304064042806699
Alvarelhos e Guidões,23791310.43577545,103.68696479543293,103.68696479543293,2.1179828734538533,1125.0,41.31144909609855,-8.619303786869501,5.67174119885823,2.335870599429115,2.3377735490009517,3.335870599429115,33.39676498572788,0.0,0.0,1.0,4.629478693179244
Alvarenga,21108307.964285713,194.89228571428572,194.89057142857143,2.0982857142857143,819.1897142857143,40.957636522855886,-8.165707582857232,8.765714285714285,3.963142857142857,4.247142857142857,5.646571428571429,65.05714285714286,10.804285714285715,10.607142857142858,5.002857142857143,5.1261551925355615
Anta e Guetim,25312503.002557546,70.60971867007673,70.346547314578,2.0470588235294116,791.8008951406649,41.00435263299152,-8.623003716112486,5.302685421994885,1.6044757033248083,1.711381074168798,3.0552429667519183,79.86572890025576,9.037084398976981,5.080179028132992,2.4411764705882355,4.165284588070549
Arcozelo,25786690.013825413,91.84411182205972,91.79619896404631,2.7152269957343083,839.9403945764777,41.05251553282877,-8.648369032602613,4.662705667276051,1.4028031687995124,2.0568631931748933,3.0030850091407677,67.03991468616697,18.866849482023156,6.416209628275442,2.236631627056673,4.276084554022332
"Areias, Sequeiró, Lama e Palmeira",23606362.61749409,164.6212765957447,164.56170212765957,2.625059101654846,816.9243498817967,41.36326372576824,-8.466967314420687,6.830260047281324,2.8378250591016547,2.6699763593380617,4.493617021276596,83.096926713948,20.40094562647754,0.0,1.0,4.949812800983974
Argoncilhe,18363714.287933093,68.55555555555556,68.55555555555556,2.913978494623656,1114.1039426523298,41.01529554360747,-8.541321302269843,5.408602150537634,2.166069295101553,2.74910394265233,2.912783751493429,158.54241338112305,23.42293906810036,5.37037037037037,3.915173237753883,3.908738285640893
Arouca e Burgo,27909928.384843625,88.77770649558941,88.77497995188452,1.5779470729751404,857.9971932638332,40.92685564956365,-8.25130449799493,5.056214915797915,1.4793103448275862,2.0284683239775463,2.752205292702486,11.567762630312751,4.043865276663993,7.216519647153167,1.8387329591018444,4.322103476363708
Arões,29462316.10617627,100.23386537126996,100.23386537126996,2.918806384455239,961.4365024288688,40.80822201943131,-8.291633934767516,6.367106176266482,1.6176266481609993,2.796668979875087,3.5232477446217905,157.07841776544066,28.445523941707147,4.8438584316446915,1.6016655100624566,4.502994497416046
Avintes,23478153.43956044,113.66323998582062,113.55370436015598,3.8968450903934775,786.4285714285714,41.110919443459515,-8.549659751861016,4.987593052109181,1.4969868840836582,1.8716767103863878,2.9925558312655087,199.43282523927687,18.04324707550514,8.354129741226515,2.495923431407302,4.356625250367912
Azurara,23116985.867659222,69.65315687896333,69.6435070306038,3.3336090432864625,790.9270747173973,41.340541832092995,-8.738206854149823,5.248552522746071,1.6963054866280673,2.1178660049627793,3.2795698924731185,46.80865729252826,18.477529638819963,5.203336090432865,2.285773366418528,4.154919751921179
Baguim do Monte (Rio Tinto),35376672.50371287,28.91398514851485,28.91398514851485,6.709158415841584,860.3452970297029,41.1894115717821,-8.544525563118974,3.573638613861386,0.9888613861386139,1.573019801980198,2.0278465346534653,0.0,13.731435643564357,1.7821782178217822,1.1782178217821782,3.3116867678724544
"Bagunte, Ferreiró, Outeiro Maior e Parada",21432883.43986254,110.69965635738832,110.69965635738832,2.4350515463917524,1063.2268041237114,41.361107491409996,-8.66400271477675,4.938144329896907,1.4467353951890034,2.3484536082474228,3.1079037800687286,48.24742268041237,8.436426116838488,4.81786941580756,0.9642611683848797,4.325336737671285
Balazar,14519915.65795053,108.27844522968198,108.27844522968198,2.0028268551236748,1115.3533568904593,41.406610303886396,-8.628735067138022,6.993639575971732,2.228268551236749,2.7547703180212015,3.7469964664310953,61.9434628975265,7.413427561837456,11.148409893992932,6.179505300353357,4.133404215541445
Baltar,20034148.55532359,73.72025052192066,73.72025052192066,2.125260960334029,933.1878914405011,41.18665887265154,-8.385834446764111,5.567849686847599,2.2839248434237995,3.7160751565762005,4.2839248434238,0.0,14.19624217118998,2.8392484342379958,1.8517745302713988,4.203174018637138
Bonfim,26548432.51984127,69.77993817116824,69.548986242181,2.8793117474780345,779.6615391221029,41.151283871059945,-8.599055003294103,3.7926135336442854,1.2368229562136168,1.370776385725133,2.1509586180713742,43.42792285858915,16.028767581444118,7.782864645478541,1.9609004953537983,3.9528687193672924
Bougado (São Martinho e Santiago),28847031.37684538,33.83527583527584,33.83527583527584,4.33954933954934,821.8282828282828,41.33801970473987,-8.563977397047596,4.177933177933178,0.9114219114219114,1.641802641802642,2.272727272727273,48.174048174048174,10.271950271950272,2.711732711732712,1.1825951825951826,3.473156802933079
Cabreiros e Albergaria da Serra,31413737.378142077,71.85901639344263,71.85901639344263,1.0,696.0601092896175,40.8628822732243,-8.246698907103754,2.8491803278688526,4.462295081967213,4.696174863387978,6.616393442622951,0.0,0.0,3.814207650273224,1.0,4.252218430817981
Caldas de São Jorge e de Pigeiros,21892767.804161567,58.311505507955935,58.311505507955935,1.934516523867809,968.6933904528764,40.964771689105916,-8.498472362301145,5.001223990208079,1.9290085679314566,2.4694002447980417,3.1756425948592413,21.41982864137087,5.3549571603427175,10.067319461444308,1.2858017135862914,3.9157420911528846
Campanhã,28072349.82772938,64.62446742109691,64.43250834486689,2.3203614752096393,760.7885831365844,41.154384111316425,-8.584958876570273,4.004206355667725,1.3734158321799776,1.5879671090124563,2.5173003337946755,34.966444136882956,13.92187033569432,6.6281852967516075,1.8364948845287525,3.909074790462206
Campo e Sobrado,11238667.986754967,56.033112582781456,56.033112582781456,1.664143803216651,1121.8070009460737,41.18195573320681,-8.468130387890156,4.992431409649953,1.6698202459791864,2.661305581835383,3.338694418164617,164.24787133396404,11.85430463576159,19.981078524124882,2.6594134342478712,4.00063386485424
"Canedo, Vale e Vila Maior",21973912.64667079,580.426097711812,579.0030921459493,2.359101216244073,704.0997732426304,41.01265796743013,-8.45603722943721,5.484642341785199,1.7107812822098536,2.5236033807462377,3.2467532467532467,125.73077715934859,12.404658833230261,17.80251494537209,1.4877344877344878,4.210072383738069
Canelas,24474056.0,24.0,24.0,2.0,1125.0,41.08590000000003,-8.606920000000029,2.0,1.0,1.0,1.0,0.0,0.0,24.0,3.0,3.17805383034794
Canelas e Espiunca,21457234.618097447,129.42088167053365,129.42088167053365,2.139675174013921,1111.1948955916473,40.98661722969878,-8.217532417633608,5.643155452436195,1.503016241299304,2.5438515081206496,3.7136890951276103,41.80974477958237,8.96983758700696,3.2505800464037122,1.7248259860788864,4.697349095602014
Canidelo,23931537.363960028,149.1957452808573,148.18522304668912,2.5465392953451893,779.8163103442198,41.12906609174542,-8.655449971188759,4.7318680931314665,1.3947335953610518,1.74480497735164,2.931226536475316,125.96640640146641,18.14461462537674,11.137617427780814,2.060560128311331,4.186796763993696
Carregosa,37313947.0,131.64623955431756,130.71866295264624,2.9832869080779942,1118.732590529248,40.89785999999963,-8.41372000000001,4.0,1.0,1.0,3.0,0.0,0.0,0.0,1.0,4.848670150585085
Castêlo da Maia,23224761.02388404,43.897710426618346,43.897710426618346,2.951902487234393,765.5173776972492,41.2643016405877,-8.61473169988483,2.838906275737111,1.2016142315928182,1.2567945972656893,2.2989622796903313,53.76379509141822,6.7484763630373905,6.530719815516389,1.8239169823752266,3.6256124054544743
"Cedofeita, Ildefonso, Sé, Miragaia, Nicolau, Vitória",25065373.34624202,77.0901401364001,76.68038090398689,2.6288562418735335,879.2820926305092,41.14986678665032,-8.61224643165915,3.762543278882894,1.1535238351441965,1.2486626513826824,2.1119023777854165,49.57178291561427,15.867170320774362,7.898562767457269,1.8789142791668534,4.058114961029671
Cepelos,22396693.80838894,71.14823641563393,71.14823641563393,2.078646329837941,1013.0262154432793,40.84297735938807,-8.311067187797898,7.767397521448999,2.5510009532888467,2.8836987607244997,5.283126787416587,112.60724499523356,46.73784556720686,12.335557673975215,4.219256434699714,4.113620541992226
Cete,13060336.841617934,148.62183235867445,148.432261208577,3.9307992202729043,562.3684210526316,41.17549668128764,-8.35520754385977,6.866471734892787,2.008771929824561,2.628654970760234,5.322612085769981,159.55165692007796,10.796783625730994,4.692982456140351,3.754385964912281,4.698963881281114
Chave,29352518.45111111,113.25555555555556,113.25555555555556,0.9988888888888889,1123.75,40.90282664444534,-8.36160346666668,4.6,1.0,1.9022222222222223,2.3,0.0,3.977777777777778,5.966666666666667,1.0,4.486450839719697
Cidade da Maia,28366788.088524356,60.61175139645054,60.61175139645054,2.7638407692851588,629.1959273138655,41.23012745527868,-8.617202198260733,3.344198543449056,1.2034928940111715,1.5082372905324188,2.1048575266916494,13.784204199957577,8.475217422046242,5.549459096372764,1.6579226472459874,-inf
Coronado (São Romão e São Mamede),28979716.0831793,56.75415896487985,56.75415896487985,4.232902033271719,402.86506469500927,41.273756136783305,-8.571275360443602,3.297597042513863,1.0,1.6487985212569316,2.297597042513863,0.0,20.0,11.756007393715342,2.946395563770795,3.812724010002047
Covelas,37134951.0,200.0,200.0,2.0,15.0,41.31055000000012,-8.544240000000027,4.0,1.0,2.0,3.0,0.0,20.0,0.0,1.0,5.298317366548012
Cristelo,43323216.0,325.992700729927,325.992700729927,5.649635036496351,1125.0,41.23140000000005,-8.36220000000002,6.0,2.0,3.0,5.0,450.0,0.0,0.0,1.0,5.776865882674863
"Custóias, Leça do Balio e Guifões",23450831.45724667,55.189180460234155,55.16859103754542,4.887444489301575,659.8293903916027,41.2030585312877,-8.643033422688562,3.9178037949132016,1.3892612030682276,1.2813887767460639,2.725151392813888,167.32014533710134,6.543157044812273,5.426160678239806,1.3336293903916028,3.613072064769209
Duas Igrejas,43804582.0,41.15102040816326,41.15102040816326,2.126530612244898,1125.0,41.23847999999999,-8.366119999999965,3.0,1.0,1.0,3.0,0.0,15.0,15.0,3.0,3.7020158015413833
Ermesinde,23695292.257568702,47.07638565440149,46.95132743362832,2.0745225896599906,899.9632044713554,41.212875677689155,-8.55152967396404,3.528644620400559,1.1259897531439218,1.5428504890544947,2.218444340940848,18.898462971588263,7.957615277130881,4.353749417792268,1.8761061946902655,3.6794474886987554
Escariz,25133014.393316194,136.74378748928876,136.74378748928876,1.4284490145672666,683.4995715509855,40.93245831190943,-8.40458988860321,6.514995715509854,1.7000856898029135,2.6083976006855183,3.0025706940874035,114.26735218508998,6.658097686375322,0.0,1.0,4.622896462138325
Espinho,24237198.6172035,73.3685134452217,73.35755512407904,2.690108253318084,835.7389419368567,41.006366700265175,-8.642278656807921,4.061733648961353,1.3658004628028833,1.7725616405564273,2.6216719419102588,46.970103997659386,12.031598265819081,6.0574779902651805,1.7810729579487725,4.159136584412282
Estela,34132003.042889394,37.379232505643344,37.379232505643344,1.440180586907449,929.7291196388262,41.4622882392778,-8.768148148984158,2.0,0.20993227990970656,1.0,1.0,79.00677200902935,11.851015801354402,0.0,1.0,3.580904994162242
Fajozes,29463235.734693877,96.83673469387755,96.83673469387755,2.0,898.265306122449,41.32593979591803,-8.694814081632678,9.63265306122449,0.7959183673469388,2.5918367346938775,7.612244897959184,119.38775510204081,39.795918367346935,11.53061224489796,3.5918367346938775,4.550415387034483
Fermedo,19699660.44604811,199.71512027491409,199.1254295532646,2.686254295532646,425.0962199312715,40.95518973539537,-8.411392718212914,8.429553264604811,4.205841924398626,4.324398625429553,5.475257731958763,0.0,0.0,25.371134020618555,4.127835051546392,5.080720940140104
Fiães,23283635.610846814,100.28544243577545,100.267364414843,1.8116079923882018,1125.0,40.985611294005736,-8.521960313986645,8.331113225499525,3.0,3.666032350142721,4.665080875356803,116.55566127497622,0.0,11.322549952426261,1.6660323501427212,4.317576205341588
Folgosa,8984460.0,279.7210144927536,279.7210144927536,3.858695652173913,1120.9239130434783,41.265760000000185,-8.549099999999994,12.0,4.0,4.0,6.0,350.0,0.0,20.0,8.0,5.632593102012289
Fornelo e Vairão,9004875.0,51.0,51.0,4.5,380.0,41.326040000000646,-8.667954999999967,4.0,1.5,1.5,2.5,150.0,15.0,7.5,3.0,3.8389317503391287
Fornos,20723313.0,40.0,40.0,358.97435897435895,1121.7948717948718,40.90827999999978,-8.534689999999964,4.0,2.0,3.0,3.0,0.0,25.0,0.0,1.0,3.688879454113931
Foz do Sousa e Covelo,20334251.829777908,163.04456458211573,163.04456458211573,2.8997662185856226,640.7570134424313,41.0837617708944,-8.493304384863013,5.749853886616014,1.8609000584453537,2.446522501461134,3.6373465809468146,77.50672121566336,52.49707773232028,22.10549386323787,2.7142022209234367,4.8247850967663535
Fânzeres e São Pedro da Cova,25432081.808289055,42.42061636556854,42.42061636556854,2.8884165781083952,948.1509032943677,41.16170394261358,-8.526338255047344,3.8705632306057387,1.1460148777895856,1.5674814027630182,2.271413390010627,14.261424017003188,9.115196599362381,5.55154091392136,1.8303931987247608,3.6027651852197953
Gandra,26633080.92034314,41.947303921568626,41.947303921568626,1.875,150.62867647058823,41.187600159314144,-8.442914816176629,2.176470588235294,1.9399509803921569,1.625,1.7904411764705883,53.6764705882353,3.5049019607843137,7.022058823529412,0.9705882352941176,3.4297768434250986
Gião,14951437.518518519,141.75555555555556,141.75555555555556,1.8129629629629629,460.8796296296296,41.31280740740724,-8.669275925925975,5.037037037037037,2.6296296296296298,2.2222222222222223,2.814814814814815,0.0,12.222222222222221,22.037037037037038,3.4074074074074074,4.602225713111239
"Gondomar (São Cosme), Valbom e Jovim",28500529.20549564,328.30388535972816,326.9328556655341,4.22551336977397,799.8897178312897,41.13433556802853,-8.559202972373795,4.199069286452947,1.6522381444821983,1.9289407593440686,2.4723001920520016,112.36061456640567,21.967277293544097,10.515216427832767,2.1003841040035454,4.310409306285939
Grijó e Sermonde,28980371.42867665,110.98575988215075,110.98575988215075,1.3889025288485146,775.7417137245274,41.030501750554116,-8.580662025534112,4.0967345936656026,1.553154922661429,2.1171126933464275,2.4149275718143874,55.85563466732138,22.77559538423766,3.0076110974711514,1.819297814878468,4.453148815863637
Guilhabreu,41011876.27065527,163.4188034188034,161.86894586894587,0.9971509971509972,27.92022792022792,41.294108005698156,-8.635138888888864,4.0,0.7891737891737892,2.0,3.0,315.66951566951565,0.0,0.0,0.7891737891737892,5.089196613919098
Gulpilhares e Valadares,22532429.715640355,87.84432585995086,87.7759136977887,2.7005912162162162,760.6513743857494,41.08163373425487,-8.649278908170485,4.6806280712530715,1.5529407248157248,1.992360257985258,2.823095823095823,45.735373157248155,16.112523034398034,6.889127764127764,1.8670915233415233,4.199772860598801
Junqueira,23193396.21505959,199.02600216684723,199.02600216684723,2.752979414951246,1097.3320693391115,41.19180532502573,-8.571961099675153,9.477789815817985,3.388949079089924,3.9041170097508124,7.933911159263272,349.34994582881905,43.17443120260022,7.789815817984832,4.2724810400866735,5.2188250605192685
Labruge,26723183.621813443,74.94669756662805,74.93279258400926,2.195538818076477,796.7896871378911,41.27481405272241,-8.723289212050673,4.3968713789107765,1.3293742757821552,1.5712630359212052,2.689020857473928,60.92120509849363,19.22725955967555,8.965092699884124,1.936848203939745,4.151411535374063
Lamelas e Guimarei,31399838.56317896,131.57918810748998,131.57918810748998,1.538021726700972,568.8107489994283,41.29391017152674,-8.481264253859292,3.600914808461978,1.7993138936535162,1.800457404230989,2.0,401.3722126929674,25.045740423098913,10.034305317324185,1.0,4.756911078639922
Laundos,22319413.614375357,142.92355961209356,142.92355961209356,3.1608670849971476,772.0764403879065,41.436769110096456,-8.716063354249814,7.600684540787222,3.0005704506560185,3.7997718197375927,4.399885909868797,269.82316029663434,21.990872789503708,5.995436394751854,2.598973188819167,4.928686330033998
"Lobão, Gião, Louredo e Guisande",24375367.915995397,59.66467203682394,59.6204833141542,3.5051783659378595,655.4819332566168,40.97822336478797,-8.46288424856185,6.704257767548907,2.019102416570771,3.27180667433832,3.594246260069045,58.515535097813576,29.835443037974684,6.283084004602992,1.9749136939010357,3.8920132039660946
Lomba,19090699.62887945,162.2358706305129,162.203201568115,2.4635739954263314,1111.999346618752,41.05886505716955,-8.414710594576581,5.847435478601764,2.156484808885985,2.2309702711532178,2.7690297288467822,0.0,8.72263966024175,10.958836981378635,3.7732767069585105,4.931668253989865
Lordelo,44595739.0,60.0,60.0,1.6911764705882353,1125.0,41.24218000000003,-8.410919999999994,5.0,0.0,2.0,3.0,0.0,0.0,0.0,0.0,4.094344562222097
Lordelo do Ouro e Massarelos,25135695.12167265,91.80598597444148,90.2022731077587,3.7939321787979687,747.8412606881328,41.15217405947609,-8.634778605806432,4.080141619697787,1.2938546723959399,1.5948647358271792,2.492246259541038,63.64596935706889,16.907897592341126,6.920993074027915,1.9884112427686527,4.109384838066157
Louredo,38603859.55994291,130.24643196955282,130.24643196955282,2.0613701236917223,999.907231208373,41.23746351569866,-8.34261386298791,4.331113225499524,1.4995242626070409,1.4995242626070409,3.3320647002854424,0.0,8.325404376784014,14.153187440532825,2.665080875356803,4.640274930153594
Lourosa,10028559.407407407,44.50925925925926,44.50925925925926,1.6481481481481481,879.9537037037037,40.977088148148525,-8.537168148148092,3.5925925925925926,1.0,2.2962962962962963,2.2962962962962963,0.0,9.722222222222221,7.037037037037037,1.0,3.7891279238180924
Macieira da Maia,7813957.0,70.0997150997151,70.0997150997151,3.0,1125.0,41.33791999999995,-8.683050000000058,5.0,3.0,2.0,5.0,200.0,0.0,0.0,1.0,4.220968656549781
Macieira de Cambra,27647869.37104307,108.99039958484691,108.99039958484691,2.962376751427089,1112.2729631551636,40.86118191748636,-8.373220677218695,6.818370524130773,1.7267773741567203,2.817851582771147,3.545407368967307,27.32226258432797,8.182407887908667,4.366891541255838,1.6372599896211728,4.494745659518489
Macieira de Sarnes,25667592.205673758,101.88829787234043,101.89893617021276,2.0,1113.1914893617022,40.904991914893536,-8.464466560283638,3.2411347517730498,1.0,1.0,1.0,100.0,6.205673758865248,6.205673758865248,1.6205673758865249,4.475081379066466
Madalena,22597062.053681586,82.85247407796298,82.79675810473816,2.4801155007218796,869.0993568709805,41.10495021394146,-8.654786856542628,5.414949468434178,1.5674629216432603,1.667476046725292,4.246620291376821,84.91271820448878,20.175022968893554,11.795051844074026,2.1817823861399135,4.194178499227461
Mafamude e Vilar do Paraíso,25348813.792926345,56.96168056461114,56.96800613110966,2.4265925442961236,643.1123960513823,41.12256833819171,-8.607914467130575,3.9167724740628898,1.2771467462795831,1.6169429097605894,2.27069535476934,49.0381821717397,15.540727268567768,6.696338492158814,1.7922057124555324,3.8072131810870142
Malta e Canidelo,34183166.60057061,63.316690442225394,63.30813124108417,2.7774607703281027,92.78174037089872,41.303373024251435,-8.651161069900114,3.0014265335235377,1.9985734664764623,2.499286733238231,3.499286733238231,0.0,15.00713266761769,9.985734664764623,1.4992867332382311,4.120859850861285
Mansores,21271336.8254497,127.66022651565623,127.66022651565623,2.414390406395736,941.3211192538308,40.93724192538355,-8.360541045969386,6.216522318454364,1.1705529646902064,3.0459693537641575,3.508327781479014,0.0,5.846102598267821,4.676882078614257,1.4383744170552966,4.738392936709442
Matosinhos e Leça da Palmeira,27760338.98035347,86.31616794464186,86.06437254535254,3.5341686927248923,717.230624649336,41.18348353497159,-8.690762917617947,3.7883299046194128,1.3360014961660744,1.5856274546474658,2.272180662053488,60.505086964653074,17.61715915466617,8.480680755563867,1.8779970076678512,4.050639346355688
Melres e Medas,19302462.243858237,205.4965767217076,205.3266210229561,2.7233185662505033,833.0789367700362,41.070129506643994,-8.417879822794863,8.186669351590817,3.031816351188079,3.888038662907773,4.8598469593233995,183.2460732984293,31.498187676198146,6.343133306484092,2.563834071687475,5.105144818789804
Milheirós,35637768.0,30.0,30.0,30.0,91.0,41.20998999999979,-8.59457000000005,4.0,1.0,2.0,3.0,0.0,30.0,5.0,2.0,3.4011973816621617
Milheirós de Poiares,32535179.02234637,74.94413407821229,74.94413407821229,1.0,1125.0,40.922891508379934,-8.469650726257065,4.022346368715084,1.782122905027933,1.6089385474860336,2.217877094972067,0.0,0.0,0.5586592178770949,1.0670391061452513,4.204127936148661
Mindelo,20536327.570442285,98.15318230852212,98.15318230852212,3.17108953613808,824.2343042071197,41.3089603991364,-8.733383788565343,6.106148867313916,1.9393743257820928,2.868824163969795,4.028694714131607,57.14131607335491,28.059115426105716,9.153182308522114,2.3188781014023734,4.427689862438068
Modivas,45853895.0,30.0,30.0,2.0,1125.0,41.298109999999994,-8.68221,2.0,0.0,1.0,1.0,0.0,0.0,0.0,0.0,3.401197381662156
Moldes,29386739.25,82.72549019607843,82.72549019607843,1.8651960784313726,1119.485294117647,40.916903750000294,-8.216734999999948,5.75,0.875,2.875,3.75,0.0,0.0,0.0,0.875,4.411300880673043
Monte Córdova,24476487.016460907,120.81893004115226,120.81893004115226,2.8261316872427984,1082.9398148148148,41.32140554012466,-8.426388168724332,6.216563786008231,1.918724279835391,2.1980452674897117,3.037037037037037,135.10802469135803,16.75925925925926,5.317901234567901,2.037037037037037,4.603366446958936
Moreira,29812260.01667398,76.4023694602896,76.4023694602896,1.252888693871581,700.7114231388035,41.24168800058635,-8.65923026034796,3.9338891326605236,1.3091999414948077,1.3383062746818781,2.3235337136170835,154.23431329530496,1.4041246160596752,5.142606406318561,1.2290478279947346,4.224113252542398
Mozelos,26160328.0,70.05128205128206,70.05128205128206,1.9943019943019944,1121.7948717948718,41.00108,-8.582229999999983,6.0,2.0,3.0,4.0,0.0,50.0,5.0,4.0,4.249214823445582
Muro,19164221.853893265,144.01574803149606,143.82939632545933,2.7130358705161854,1112.5196850393702,41.29580883639539,-8.59691789151368,8.167979002624673,2.540682414698163,3.9273840769903763,5.167979002624672,61.41732283464567,9.186351706036746,13.79265091863517,4.680664916885389,4.934922809747344
Negrelos (São Tomé),28651817.0,428.77492877492875,428.77492877492875,3.0,60.0,41.34714999999973,-8.409810000000068,16.0,10.0,9.0,16.0,250.0,0.0,30.0,16.0,6.04390440497829
Nogueira do Cravo e Pindelo,22632778.284629982,21.27134724857685,21.27134724857685,0.9971537001897534,1064.8339658444022,40.890375445920775,-8.45324523719169,8.004743833017077,2.6650853889943074,3.0,4.672675521821632,0.0,20.0,12.012333965844402,1.9971537001897532,3.010432452917092
Nogueira e Silva Escura,32139498.382066276,108.96296296296296,108.96296296296296,2.925925925925926,734.8343079922028,41.25757228070229,-8.591255029239777,5.953216374269005,3.294346978557505,2.9766081871345027,3.9766081871345027,0.0,11.237816764132553,3.1773879142300196,1.9532163742690059,4.608605183073474
"O. Azeméis, Riba-Ul, Ul, Macinhata da Seixa, Madail",23391676.140355676,93.99781121751026,93.89986320109439,2.073871409028728,764.8374829001368,40.8399245608765,-8.484609595075199,6.685362517099863,1.93844049247606,2.478248974008208,3.0093023255813955,261.09439124487005,20.76060191518468,12.537619699042407,2.877154582763338,4.277206328769467
Oliveira do Douro,24743460.686816588,73.8786878481535,73.84598720858263,2.2699608004951517,782.2899731792861,41.12656432019823,-8.591524407881359,4.433979781308025,1.4590468330926347,1.8772436558696102,2.4134516195584896,90.90788116360635,12.705075304311945,9.034660614813287,1.9846296678357747,4.055178450857695
Ossela,19714283.51010101,139.65151515151516,139.65151515151516,2.409090909090909,1123.1060606060605,40.82197518518492,-8.4324527104377,6.474747474747475,2.2373737373737375,2.824915824915825,6.537037037037037,41.245791245791246,0.0,8.813131313131313,1.5875420875420876,4.704918488848702
Parada de Todeia,22019360.843791723,160.17089452603471,160.17089452603471,2.6695594125500666,735.3070761014686,41.16122379172252,-8.376493170894499,7.953271028037383,2.0854472630173566,3.046728971962617,4.696261682242991,46.728971962616825,22.897196261682243,5.861148197596796,2.5353805073431244,4.942786633273459
Paramos,43981915.8697479,72.71428571428571,72.71428571428571,2.4327731092436973,902.155462184874,40.96415608875905,-8.635614042767754,3.2983193277310923,0.9369747899159664,1.1932773109243697,1.9747899159663866,273.109243697479,3.2563025210084033,0.0,0.9369747899159664,4.2588226170933
Paranhos,25075025.924301848,51.538993921077825,51.07326427739264,5.377089269029795,852.5187904444418,41.16985835034881,-8.605226311269565,3.2398636568119685,1.5333244898665406,1.3977541439331895,2.0916509983505014,37.452735514978144,14.356395556734684,5.307706504562075,1.6410898227077158,3.622105438192779
Paredes,25638129.73815087,83.75801068090787,83.75801068090787,2.1258344459279037,983.8442923898531,41.20272839285595,-8.344331131509218,2.8481308411214954,0.9118825100133512,0.8915220293724967,1.3576435246995995,5.841121495327103,6.622997329773031,4.623664886515354,1.544392523364486,4.294505721438821
Pedroso e Seixezelo,25112129.165502183,81.53799126637554,81.50917030567686,1.648471615720524,1049.816593886463,41.05547475982653,-8.560564567685558,4.314410480349345,1.3807860262008733,1.388646288209607,2.6253275109170304,0.0,16.137554585152838,9.997816593886462,1.077292576419214,3.906437906667408
Pedrouços,20774344.455634426,37.34930493936705,37.37814256137238,3.9547471162377996,746.4871339840284,41.185953114464034,-8.588369760425591,3.3874593315587105,1.541407867494824,1.4001774622892635,2.2012718130730553,10.056196391600118,14.020260278024253,6.197426796805678,1.9127477077787636,3.3939754486965117
"Perafita, Lavra e Santa Cruz do Bispo",23563981.91540092,69.7090692334864,69.62588308018368,2.4771282232426706,702.736797951254,41.2417827993642,-8.71253491389849,4.008256799717414,1.3287265983751324,1.7242140586365242,2.2623189685623455,108.0735605793006,19.410543977393147,6.805810667608619,1.5811550688802543,4.072451095759573
"Pinheiro da Bemposta, Travanca e Palmaz",21404524.64206762,36.34037711313394,36.34037711313394,1.2269180754226268,870.7665799739922,40.78796658647609,-8.49067302340738,2.856957087126138,1.821521456436931,1.2321196358907673,2.0507152145643692,0.39011703511053314,2.282184655396619,1.7877113133940181,1.114109232769831,3.28294327945968
"Póvoa de Varzim, Beiriz e Argivai",26992999.41877117,158.71960626488246,158.6651239225945,3.6747996109601906,730.6066673374249,41.38329267733664,-8.764445028507371,4.67853908843948,1.32880571486065,1.9077036589864842,2.897155984840863,85.5522017640943,13.54413589563001,4.8321762752792035,1.9743938021933796,4.156145562781057
Ramalde,23794724.56020179,81.88831015674906,81.83635529785596,2.6924147871521464,701.6720718064632,41.166733741175456,-8.638895657217942,3.778389268340622,1.2949077031431706,1.5864085302933517,2.4255974317396363,75.34692807888229,13.583345617741962,7.233944277922461,1.7758996281918988,3.867663159475681
Rates,32622363.00091033,99.60127446517978,99.60127446517978,1.9585798816568047,781.2253072371416,41.427642052798774,-8.673736440600992,6.297223486572599,1.9599453800637232,2.1661356395084206,3.421028675466545,128.0382339553937,5.594446973145198,8.40737369139736,2.9631315430132,4.318025778754077
Rebordosa,28292033.76166832,82.65541211519364,82.2462760675273,2.8391261171797417,745.501489572989,41.21717907646476,-8.420371360476722,6.33862959285005,1.6077457795431975,2.6454816285998013,5.061569016881827,86.64349553128103,34.13108242303873,15.035749751737836,2.594836146971202,4.308449809708924
Recarei,7234445.0,250.0,250.0,7.0,1125.0,41.14970999999979,-8.442210000000031,10.0,4.0,4.0,7.0,300.0,0.0,0.0,1.0,5.521460917862226
Reguenga,35686662.81740371,100.42796005706134,100.42796005706134,1.6034236804564908,675.7974322396576,41.27261067047078,-8.45564708987155,4.0,1.0,2.0,2.499286733238231,0.0,35.0,0.0,1.0,4.603886950010863
Retorta e Tougues,16881871.943441063,43.81701520912547,43.81701520912547,1.9961977186311788,1122.861216730038,41.35645525665307,-8.718353037072378,2.5004752851711025,1.0,1.1668250950570342,1.5,0.0,10.167300380228136,0.0,1.0,3.7577587847604246
Rio Mau e Arcos,16706178.824285714,78.25571428571429,78.25571428571429,1.87,578.2607142857142,41.39951810000004,-8.678418692857269,3.4971428571428573,1.2492857142857143,1.9985714285714287,2.4985714285714287,0.0,29.914285714285715,18.739285714285714,1.5007142857142857,4.307590688197219
Rio Tinto,29034833.01615553,50.924288061336256,50.55757119386637,3.1126095290251916,644.6797645125959,41.18166655404325,-8.569521556310429,3.2970974808324205,1.5917305585980284,1.3365963855421688,2.1720974808324205,34.17305585980285,8.20317634173056,3.131161007667032,1.3093510405257394,3.6596444467473086
Roge,9008153.114798974,130.50727117194182,131.52557741659538,1.5272882805816939,1077.1344739093242,40.862470302822814,-8.349812333618207,5.4,2.13071000855432,2.2506415739948675,3.4910179640718564,0.0,0.0,9.578272027373824,1.8999144568006843,4.589296506400183
Romariz,22767981.375,74.14182692307692,74.14182692307692,2.1225961538461537,191.10576923076923,40.95367038461562,-8.447914230769179,4.3173076923076925,0.8413461538461539,1.3173076923076923,2.3173076923076925,0.0,0.0,0.0,0.8413461538461539,4.147857564721127
Rossas,5326605.633380884,132.81740370898717,132.81740370898717,3.209700427960057,999.90727532097,40.90528517831646,-8.302489001426585,4.998573466476462,1.9985734664764623,2.0,2.9985734664764623,0.0,0.0,0.0,1.0,4.800107776306598
"Sandim, Olival, Lever e Crestuma",29040583.942571208,239.94426481909161,239.93964588144726,1.9159353348729793,635.5565819861432,41.03976708237187,-8.508925247112614,5.623402617397998,2.4734411085450345,2.716551193225558,3.758275596612779,125.41955350269438,19.744418783679755,4.531793687451886,2.2634334103156273,4.883061523164459
Sanguedo,24358601.632420093,60.95490867579909,60.95490867579909,5.600456621004566,903.167808219178,41.00610770547875,-8.512463384703082,3.404109589041096,1.5998858447488584,2.20148401826484,2.401826484018265,40.06849315068493,7.200342465753424,6.004566210045662,2.0017123287671232,3.607026361707814
Santa Eulália,19270729.211310662,186.34314100114636,186.34314100114636,2.265953381734811,1077.61100496752,40.92290793656785,-8.274537179977058,5.971341230416508,2.6713794421092856,2.6522735957202905,3.713030187237295,123.40466182651892,12.340466182651891,2.6595338173481085,1.3989300726022162,5.048095921800853
"Santa Maria da Feira, Travanca, Sanfins e Espargo",21945973.68168377,52.36180205253088,52.36180205253088,1.8848495390502695,747.6239345973213,40.92433620803538,-8.55528320229633,4.205774917376935,1.4635588798051835,1.6202817881370672,3.266133240563576,9.132022960514872,3.9711254131153244,3.871108018785876,1.7688293616281092,3.748279039004756
Santa Maria de Lamas,31399315.41044776,53.669154228855724,53.669154228855724,3.873134328358209,161.0597014925373,40.97231910447744,-8.571319701492502,4.253731343283582,1.7462686567164178,2.0,2.126865671641791,0.0,34.92537313432836,0.0,0.8731343283582089,3.9767471461548523
Santa Marinha e São Pedro da Afurada,25472571.02959875,92.92044467604656,92.75310057321522,2.6391027072632074,759.5634482245217,41.135249061764306,-8.616264331474387,4.27643862130574,1.2775056453013722,1.6057321521625847,2.456140350877193,60.88725278542892,17.027936177076356,8.252646467654284,1.99583612496588,4.071634763626005
Serzedo e Perosinho,21724998.97867804,57.87348969438521,57.87348969438521,2.9893390191897655,845.4371002132197,41.05617516702181,-8.578050255863523,4.736318407960199,1.496090973702914,2.2430703624733477,2.740582800284293,111.62046908315565,38.60341151385928,21.033404406538736,2.0,3.935198959016666
Silvalde,27297836.886776146,38.14779602420052,38.14779602420052,3.0259291270527227,789.4122731201383,40.99798172860883,-8.641704079515947,3.3820224719101124,1.3025064822817631,1.961970613656007,2.226447709593777,52.234226447709595,18.314606741573034,8.349178910976663,1.3811581676750215,3.6217721846541933
Sobreira,21060311.66421343,92.74149034038638,92.74149034038638,3.0680772769089235,1121.0588776448942,41.13745044158261,-8.387285942962265,5.9429622815087395,1.6467341306347747,2.6154553817847286,3.000919963201472,128.79484820607175,0.0,14.51701931922723,2.6191352345906163,4.512891468322252
Sobrosa,46198020.5,43.5,43.5,1.0,1125.0,41.26261500000007,-8.358555000000015,2.0,0.0,1.0,1.0,0.0,0.0,0.0,0.0,3.7673813285187703
"St. Tirso, Couto (S. Cristina e S. Miguel) e Burgães",25207514.136681076,75.66045892916529,75.66045892916529,2.4097106750914534,573.4196873960758,41.33753765214617,-8.466426584635515,5.057864981709345,1.5151313601596275,2.41303624875291,2.6471566345194546,17.509145327569005,9.918523445294314,7.443631526438311,2.9142001995344198,4.115856795920051
São Félix da Marinha,28144093.896160334,76.96334168413519,76.8635922081906,2.397924229255074,682.3459277059154,41.0312116304563,-8.64188690372791,4.224449102714862,1.5559077662457181,1.9096579579733115,2.89702950048571,103.27777493736899,16.629071015900607,7.517408865483921,2.0105833631576258,4.024133309281784
São João da Madeira,28022124.616494555,40.168906493139055,40.168906493139055,1.2162965058707031,1031.242608572641,40.89715900551549,-8.493956645918859,2.4078370349412928,1.0256047531475456,1.0495119536002264,1.796718064789928,4.951195360022634,2.479134248125619,1.411515065780167,1.6586504456075823,3.657246815285274
São João de Ver,24096822.162364695,33.16402997502082,33.16402997502082,1.5611990008326395,948.5970024979184,40.943406286427006,-8.563203397168952,6.208992506244796,1.0,2.6835970024979185,3.6835970024979185,0.0,14.025811823480433,12.626977518734389,1.8417985012489593,3.48201076094244
São Mamede de Infesta e Senhora da Hora,26174927.12661808,83.41928641357555,83.32334384858044,5.014277167409986,880.2332481235723,41.186621709729685,-8.639104895845493,3.5198792559556185,1.1544653540737517,1.4870009790057652,2.0964592624823237,65.71442945719569,15.037718916566954,5.150331774176004,1.8198629391928642,3.7455667758316014
São Martinho da Gândara,21660610.007132668,31.00570613409415,31.00570613409415,1.4992867332382311,576.7189728958631,40.84419114122739,-8.525414850213917,3.5021398002853066,1.0,2.0014265335235377,2.0014265335235377,0.0,0.0,7.510699001426533,1.4992867332382311,3.4257775644569364
São Miguel do Mato,26350104.465201464,178.55128205128204,178.55128205128204,2.7051282051282053,749.6300366300367,40.97652274725284,-8.397428974359004,9.315018315018316,0.6575091575091575,3.3150183150183152,5.315018315018315,0.0,0.0,0.0,0.6575091575091575,5.1619526229651385
São Miguel do Souto e Mosteirô,38920267.0,15.0,15.0,0.9926470588235294,2.9779411764705883,40.89205000000006,-8.523339999999981,2.0,1.0,1.0,4.0,100.0,10.0,0.0,1.0,2.708050201102201
São Paio de Oleiros,7177811.0,158.66666666666666,158.66666666666666,4.57,502.51666666666665,40.984870000000186,-8.594459999999977,8.0,3.0,3.0,3.0,0.0,0.0,15.0,6.0,5.025600443300872
São Pedro Fins,399584.0,131.46285714285713,131.46285714285713,3.0,1125.0,41.25362999999974,-8.543189999999987,7.0,2.0,3.0,5.0,0.0,20.0,20.0,4.0,4.873993559256676
São Pedro de Castelões,21191073.969981916,132.29439421338157,132.29439421338157,2.9471971066907776,982.0350813743219,40.829471703435075,-8.398481247739822,7.51754068716094,2.54249547920434,2.7367088607594936,4.615189873417721,50.77757685352622,21.971066907775768,5.945750452079566,2.769620253164557,4.632416039727998
São Roque,15532846.711229946,71.87433155080214,71.87433155080214,1.9304812834224598,1121.9919786096257,40.87353347593551,-8.466368609625635,2.128342245989305,0.9358288770053476,1.0641711229946524,1.1283422459893049,0.0,0.0,32.75401069518717,0.9358288770053476,4.250212136219506
Touguinha e Touguinhó,19329629.46403302,111.36379716981132,111.36379716981132,4.293042452830188,762.8107311320755,41.37544050707625,-8.710117641509417,5.317806603773585,1.9652122641509433,2.125,2.770047169811321,107.54716981132076,38.491745283018865,3.714622641509434,2.087853773584906,4.425209479757077
Tropeço,10939309.9971831,197.08920187793427,197.08920187793427,4.59906103286385,518.5070422535211,40.942198225352044,-8.307157352112835,6.670422535211268,2.664788732394366,2.335211267605634,3.6704225352112676,284.92957746478874,45.140845070422536,6.704225352112676,4.687323943661972,5.065685686736735
Urrô,28525891.487690505,92.26377491207504,92.22274325908558,2.6025791324736227,781.9021101992965,40.916554531067845,-8.28956948710425,4.65474794841735,1.2321219226260258,1.5120164126611957,2.8177022274325907,56.41852286049238,10.268171160609613,8.726553341148886,1.3352872215709262,4.418993547688124
Valongo,19584928.475312144,59.753405221339385,59.753405221339385,3.783200908059024,813.1994892167991,41.197034838251305,-8.500101801929555,3.488081725312145,1.423382519863791,1.3450624290578888,1.7153802497162316,73.35414301929626,16.018728717366628,12.379965947786607,1.4721906923950057,3.9661759114095645
Vila Chã,23757377.651594814,85.16114616193481,85.0471433578689,5.230108657553452,773.4765159481248,41.29677781720876,-8.730851373991268,5.048019628461269,1.582895198037154,2.3310550297932,3.370750087627059,112.23273746933053,16.667104801962846,8.723010865755345,2.599982474588153,4.303535713679994
"Vila Chã, Codal e Vila Cova de Perrinho",44504788.0,65.0,65.0,2.0,1125.0,40.847120000000096,-8.394770000000022,4.0,0.0,2.0,3.0,0.0,0.0,0.0,0.0,4.174387269895645
Vila Nova da Telha,31411693.664778326,85.82684729064039,85.64556650246305,3.026847290640394,741.4911330049262,41.24741922906502,-8.670797623152922,4.701477832512316,1.0985221674876848,1.5103448275862068,3.6266009852216747,629.8152709359606,25.53103448275862,2.7881773399014778,2.0519704433497536,4.298537922262915
Vila Nova do Campo,45202330.0,228.55345911949686,228.55345911949686,2.0,236.60377358490567,41.34806000000004,-8.358469999999983,8.0,0.0,4.0,4.0,0.0,0.0,0.0,0.0,5.424791474517554
Vila de Cucujães,9213840.487106018,86.84097421203438,86.84097421203438,2.0,606.0171919770773,40.87044776504314,-8.496939512894091,8.997134670487107,2.997134670487106,3.498567335243553,3.498567335243553,0.0,19.94269340974212,0.0,6.484240687679083,4.4330150468461245
Vila do Conde,25675267.731639743,81.03709616829451,80.90277516904582,2.571914913598798,775.2913692712247,41.35524947455172,-8.7497362281656,4.381456611570248,1.4655569120961682,1.9866172051089406,2.616101615326822,79.37298084147258,11.503780052592036,7.3375986100676185,1.823159278737791,4.217269253359658
Vilar de Andorinho,31485054.052333806,61.35961810466761,61.35961810466761,24.39038189533239,724.998585572843,41.09891251226147,-8.587139391125456,4.190947666195191,1.2125176803394626,2.085926449787836,2.3479490806223478,25.106082036775106,15.38012729844413,6.389851485148514,1.4515558698727016,3.7899790594369507
Vilar de Pinheiro,33231631.825064156,74.5038494439692,74.5038494439692,4.887510692899914,913.6569717707442,41.26720034217272,-8.667735057741632,3.103507271171942,0.974764756201882,1.7243370402053038,2.138793840889649,68.15654405474764,12.74272882805817,6.659538066723695,1.6026518391787852,4.109032401329314
Vilar e Mosteiró,27769031.0,49.24715909090909,49.24715909090909,2.6306818181818183,1125.0,41.2789499999999,-8.676230000000025,4.0,1.0,0.0,2.0,0.0,20.0,5.0,2.0,3.880217322203667
Várzea,37357816.0,125.47008547008546,125.47008547008546,1.9743589743589745,1125.0,40.92238999999982,-8.307650000000043,6.0,2.0,3.0,3.0,0.0,0.0,0.0,1.0,4.828178886041656
Água Longa,32004111.106446777,220.40929535232385,220.40929535232385,3.1934032983508245,704.7346326836582,41.27470764617672,-8.499872413793113,6.950524737631184,1.457271364317841,3.475262368815592,4.950524737631184,262.3688155922039,46.626686656671666,3.058470764617691,1.3403298350824588,5.288199623584477
Águas Santas,30613051.61682004,90.47290388548058,90.42689161554192,2.9026073619631902,882.1855828220858,41.20795454498761,-8.564184900306907,4.052658486707567,1.4166666666666667,1.7640593047034765,2.655930470347648,225.15337423312883,17.33256646216769,3.096114519427403,1.8059815950920246,3.839132898185773
Árvore,25344209.974643424,139.46117274167986,139.43581616481774,2.8861218021281414,912.4458908761603,41.33286106859861,-8.730824311750418,5.495245641838352,1.6051618745755036,2.336087842426987,3.1823635952003624,99.08422005886348,26.135159610595426,5.7356803260131315,1.7494906044826806,4.543946922497934
